,0
0,αντηλιακό προσώπου
1,αντηλιακο παιδικο
2,αντηλιακά σωματοσ
3,αντηλιακό προσώπου με χρώμα
4,αντιηλιακο μαλλιων
5,αντηλιακο λαδι
6,αντηλιακό σπρει
7,αντιηλιακο προσωπου για ακμη
8,αντηλιακο σπρει προσωπου
9,αντηλιακό για βρεφη
10,αντηλιακο ακμη
11,αντηλιακό απιβιτα
12,αντηλιακό αγγλικα
13,αντηλιακο αφροσ
14,αντηλιακο ανδρικο
15,αντηλιακο αβ
16,αντηλιακο αντιγηρανση
17,αντηλιακό αυτοκινήτου
18,αντηλιακό απο τα lidl
19,αντηλιακό αβεν
20,αντηλιακό βρεφικο
21,αντηλιακο βικιλεξικο
22,αντηλιακο βρεφη
23,αντηλιακό βισι
24,αντηλιακο βρεφικο καπελο
25,αντηλιακο βιταμινη d
26,αντηλιακό βικιπαιδεια
27,αντηλιακό βικι
28,αντηλιακό για βρεφη
29,πως βαζουμε αντηλιακο
30,αντηλιακό για βρεφη
31,αντηλιακό για παιδια
32,αντηλιακό για ακμη
33,αντηλιακό για παναδεσ
34,αντηλιακο γαλακτωμα
35,αντηλιακό για μαλλια
36,αντηλιακό για σκύλουσ
37,αντηλιακό για τατουαζ
38,αντηλιακό για εγκυουσ
39,αντηλιακό για μαυρισμα
40,αντηλιακό διαφανο
41,αντηλιακό διαφήμιση
42,αντηλιακά δείκτης προστασίας
43,αντηλιακό για δερμα με ακμη
44,αντηλιακό με δεικτη προστασιας 100
45,αντηλιακο με δεικτη 100
46,αντηλιακο σπρει διαφανο
47,αντηλιακο που δεν τσουζει τα ματια
48,αντηλιακό με δεικτη 50
49,αντηλιακό με δεικτη προστασιας 70
50,αντιηλιακο εγκυμοσυνης
51,αντηλιακο εντομοαπωθητικο
52,αντηλιακό εγκυμοσύνη
53,αντηλιακό ενυδατικη κρεμα
54,αντηλιακό ετυμολογία
55,αντηλιακό στην εγκυμοσυνη
56,αντηλιακό και ενυδατικη
57,αντηλιακό για εντονο μαυρισμα
58,αντηλιακό και εγκυμοσυνη
59,αντηλιακό προσωπου για ευαισθητα δερματα
60,αντηλιακό ή αντιηλιακό
61,αντηλιακό ημερομηνία λήξης
62,αντηλιακά ημερομηνία λήξης
63,ηλιος αντηλιακο
64,αντηλιακό με χρωμα η χωρις
65,αντηλιακό για θαλάσσια σπορ
66,αντηλιακό με ιωδιο
67,αντιηλιακο κορρες
68,αντηλιακο καπελο
69,αντηλιακο κονσιλερ
70,αντηλιακο κορρες
71,αντηλιακο καθε μερα
72,αντηλιακο κορεσ
73,αντηλιακο κατα τησ ακμησ
74,αντηλιακο κατα των παναδων
75,αντηλιακο καρυδα
76,αντηλιακο και σολαριουμ
77,αντηλιακο λαδι
78,αντηλιακο λαδι μαλλιων
79,αντηλιακο ληξη
80,αντηλιακο λαδι nuxe
81,αντηλιακο λαδι μαλλιων apivita
82,αντηλιακο λαδι μαυρισματοσ bronze shimmer spf 10
83,αντηλιακο λιπαρο δερμα
84,αντηλιακο λαδι μαυρισματοσ
85,αντηλιακο λαδι carroten spf 30 125ml
86,αντηλιακο λαδι σωματος
87,αντηλιακό με χρωμα
88,αντιηλιακο μαλλιων
89,αντηλιακο μεικ απ
90,αντηλιακό ματιών
91,αντηλιακο μπλουζακι
92,αντηλιακο με glitter
93,αντιηλιακο μαγιο
94,αντηλιακό μωρού
95,αντηλιακο ματιων σκρουτζ
96,αντηλιακό μαυρισματοσ
97,αντηλιακο νερο
98,αντηλιακο νερο προσωπου
99,αντηλιακο νεογεννητο
100,αντηλιακο νιβεα
101,τι αντηλιακό να παρω
102,αντηλιακά νιβεα
103,νεσεσερ αντηλιακό
104,τι αντηλιακό να παρω για το μωρο
105,ποιο αντηλιακό να παρω
106,τι αντηλιακό να διαλεξω
107,αντηλιακό για ξηρες επιδερμιδες
108,αντηλιακό προσώπου για ξηρεσ επιδερμιδεσ
109,αντηλιακο οικογενειακο
110,αντηλιακό ονειροκριτης
111,αντηλιακό ορθογραφία
112,αντηλιακό με υαλουρονικο οξυ
113,οργανικο αντηλιακο
114,αντηλιακο με οξειδιο ψευδαργυρου
115,αντηλιακο για ολη την οικογενεια
116,αντηλιακο για ουλες
117,αντηλιακο χωρισ οξυβενζόνη
118,φυσικο οργανικο αντηλιακο
119,αντηλιακό προσώπου
120,αντηλιακο παιδικο
121,αντηλιακό προσώπου με χρώμα
122,αντιηλιακο προσωπου για ακμη
123,αντηλιακο προσωπου και σωματοσ
124,αντηλιακό προσώπου avene
125,αντιηλιακο προσωπου για λιπαρο δερμα
126,αντηλιακο προσωπου με χρωμα vichy
127,αντηλιακο προσωπου φαρμακειο
128,αντηλιακο πανι
129,ροκ αντηλιακό προσφορα
130,αντηλιακά ρουχα
131,αντηλιακό για ροδοχρου νοσο
132,αντηλιακό για ροδόχρου ακμη
133,αντηλιακο στα ρουχα
134,αντηλιακο απο ρουχα
135,αντηλιακό προσωπου για ροδοχρου νοσο
136,αντηλιακά σωματοσ
137,αντηλιακό σπρει
138,αντηλιακο σπρει προσωπου
139,αντηλιακο σπρει προσωπου vichy
140,αντηλιακο σπρει για παιδια
141,αντιηλιακα σετ
142,αντηλιακο σπρει για πανω απο το μακιγιαζ
143,αντηλιακο στο σολαριουμ
144,αντηλιακό σκρουτζ
145,αντηλιακά σωματοσ apivita
146,αντηλιακο τιμη
147,αντηλιακο τατουαζ
148,αντηλιακό το χειμωνα
149,αντηλιακό τιμες
150,αντηλιακό τρανσλατε
151,τι αντηλιακό να παρω
152,αντηλιακά της vichy
153,αντηλιακο πριν το μακιγιαζ
154,αντηλιακο προσωπου κατα των παναδων
155,χαλαει το αντηλιακό
156,αντηλιακο υφασμα
157,αντηλιακό με υαλουρονικο οξυ
158,αντιηλιακο υφασμα
159,αντιηλιακο υποστεγο
160,υποαλλεργικο αντιηλιακο
161,αντηλιακό υγρο
162,αντηλιακο προσωπου με υαλουρονικο
163,αντηλιακό roc με υαλουρονικο
164,αντηλιακο φυτικο
165,αντηλιακο φυσικα φιλτρα
166,αντηλιακο φρεζυδερμ
167,αντηλιακο φυσικο για μωρα
168,αντηλιακό φτιαχτο
169,αντηλιακό φουκα
170,φυσικο αντηλιακο
171,φρεζυδερμ αντηλιακο παιδικο
172,φυσικο αντηλιακο προσωπου
173,φυσικο αντηλιακο λαδι
174,αντηλιακό χειλιων
175,αντηλιακο χωρισ αρωμα
176,αντηλιακο χρηση
177,αντηλιακο χεριων
178,αντηλιακο χωρισ οξυβενζόνη
179,αντηλιακο χωρισ απλωμα
180,αντηλιακο χωρισ λιπαροτητα
181,αντηλιακο χειλη
182,αντηλιακό χωρίς χημικά
183,αντηλιακό χειλιων stick
184,αντηλιακό με ψευδαργυρο και τιτανιο
185,αντηλιακό στο ψυγειο
186,αντηλιακό με ψευδαργυρο
187,αντηλιακο με οξειδιο ψευδαργυρου
188,αντηλιακό με ωραιο αρωμα
189,αντηλιακο ποση ωρα πριν
190,ενφια 2020
191,ενφια 2019 ποτε βγαινει
192,ενφια τι ειναι
193,ενφια 2019
194,ενφια πληρωμη
195,ενφια εκτυπωση
196,ενφια 2018
197,ενφια υπολογισμος
198,ενφια taxisnet
199,ενφια 2019 taxisnet
200,ενφια αγγλικα
201,ενφια αρχικα
202,ενφια ανα τετραγωνικο
203,ενφια αποθηκησ
204,ενφια ααδε
205,ενφια ανα περιοχη
206,ενφια ανεργοι
207,ενφια απαλλαγη
208,ενφια αγροτεμαχια
209,ενφια αναστολη
210,ενφια βοηθητικοι χωροι
211,ενφια βικι
212,ενφια βοηθητικων χωρων
213,ενφια βικιλεξικο
214,ενφια βιομηχανικα κτιρια
215,ενφια βεβαιωση
216,ενφια βεβαιωμενες οφειλες δου
217,ενφια βουλα
218,ενφια βοσκοτοποι
219,ενφια βγηκε
220,ενφια για αυθαιρετα
221,ενφια γκαραζ
222,ενφια για αερα οικοπεδου
223,ενφια για αποδοχη κληρονομιασ
224,ενφια για πισινα
225,ενφια για χωραφια
226,ενφια για μη ηλεκτροδοτουμενα ακινητα
227,ενφια για πρωτη κατοικια
228,ενφια για επαχθη αιτια
229,ενφια για αποθηκεσ
230,ενφια δοσεισ
231,ενφια δοσεις 2020
232,ενφια δημοι
233,ενφια διακανονισμοσ
234,ενφια δεη
235,ενφια δηλωση
236,ενφια δοσεισ taxisnet
237,ενφια δοσεισ 2019
238,ενφια διατηρητεα κτιρια
239,ενφια διορθωση ε9
240,ενφια εκτυπωση
241,ενφια εκπτωση
242,ενφια ε9
243,ενφια εφορια
244,ενφια εισοδος
245,ενφια εκπτωση 2020
246,ενφια εκκλησια
247,ενφια επικαρπια
248,ενφια εντυπο
249,ενφια εκτοσ σχεδιου
250,ενφια ζωνες
251,ενφια τιμη ζωνης
252,ενφια τιμες ζωνης
253,ζωνες ενφια χαρτης
254,ενφια τιμες ζωνης 2018
255,τιμες ζωνης ενφια 2019
256,φορολογικη ζωνη ενφια
257,τιμες ζωνες ενφια
258,ενφια ηδικα
259,ενφια ημιτελη
260,ενφια ηλεκτρονικεσ υπηρεσιεσ
261,ενφια ηλεκτρονική πληρωμή
262,ενφια ημιτελη μη ηλεκτροδοτουμενα 2019
263,ενφια ημερομηνιες πληρωμης
264,ενφια ημιτελη μη ηλεκτροδοτουμενα 2018
265,ενφια ημιτελη κτιρια
266,ενφια ημερομηνια πληρωμης
267,ενφια ημιτελη μη ηλεκτροδοτουμενα 2017
268,ενφια θανοντοσ
269,ενφια θεσσαλονικη
270,ενφια θανοντα
271,ενφια θανοντων
272,ενφια θανατος
273,ενφια θεσεισ σταθμευσησ
274,ποσο ενφια θα πληρωσω 2019
275,ποσο ενφια θα πληρωσω 2018
276,ποσο ενφια θα πληρωσω
277,ποσο ενφια θα πληρωσω το 2019
278,ενφια ιστορικο
279,ενφια ιερων ναων
280,ενφια ιδικα
281,ενφια ιδιοχρησιμοποιουμενα ακινητα
282,ενφια ιωαννινα
283,ενφια ιδιοχρηση
284,ενφια ιερων μονων
285,ενφια ιδρυματα
286,πληρωμη ενφια ιντερνετ
287,ενφια απο ποτε ισχυει
288,ενφια κατηγορια ακινητου
289,ενφια κατηγορια ακινητου 4
290,ενφια κωδικοι
291,ενφια κορονοϊός
292,ενφια κληρονομια
293,ενφια κλιμακεσ
294,ενφια και παλαιοτητα
295,ενφια και βοηθητικοι χωροι
296,ενφια κτηματα
297,ενφια καθε ποτε πληρωνεται
298,ενφια λογιστικη εγγραφη
299,ενφια λογιστικο σχεδιο
300,ενφια ληξη πληρωμης
301,ενφια ληξιπροθεσμη πληρωμη
302,ενφια λαθη
303,ενφια λογαριασμος λογιστικης
304,ενφια λογαριασμος δεη
305,ενφια λαθος
306,ενφια λογιστικη καταχωρηση
307,ενφια λογιστικοσ χειρισμοσ
308,ενφια μειωση
309,ενφια μη ηλεκτροδοτουμενα ακινητα 2019
310,ενφια μη ηλεκτροδοτουμενο
311,ενφια μονοκατοικια
312,ενφια μειωση 25
313,ενφια μη μισθωτων
314,ενφια μη ηλεκτροδοτουμενα
315,ενφια μεταφραση
316,ενφια μειωση 2020
317,ενφια μεσω e banking
318,ενφια νομοσ
319,ενφια νομικων προσωπων
320,ενφια νεα
321,ενφια νομοθεσια
322,ενφια νομικων προσωπων 2019
323,ενφια νομοσ 4223
324,ενφια νεα δημοκρατια
325,ενφια νομικων προσωπων 2018
326,ενφια νδ
327,ενφια νομικα προσωπα
328,ενφια ξενοδοχειων
329,ενφια ξενοδοχεια
330,ενφια ξενοδοχειακων επιχειρησεων
331,ενφια ξενοδοχειου
332,ενφια ξεχωριστα για καθε ακινητο
333,ενφια ποτε ξεκινησε
334,ενφια απο ποτε ξεκινησε
335,ξενοδοχειο ενφια
336,ενφια ποτε ξεκινησε 2018
337,υπολογισμος ενφια ξενοδοχειων
338,ενφια οικοπεδου
339,ενφια οφειλες
340,ενφια ορισμοσ
341,ενφια οριζοντια ιδιοκτησια
342,ενφια οδηγιες συμπληρωσης
343,ενφια οικοπεδα
344,ενφια οικοπεδο
345,ενφια οικοπεδα υπολογισμος
346,ενφια οριστικοποιηση
347,ενφια οφειλη
348,ενφια πληρωμη
349,ενφια παραγραφη
350,ενφια πιστοποιητικο
351,ενφια παλαιοτητα
352,ενφια που πληρωνεται
353,ενφια ποτε πληρωνεται
354,ενφια παραταση
355,ενφια πληρωμεσ
356,ενφια ποσο ειναι
357,ενφια ποτε βγαινει
358,ενφια ρυθμιση
359,ενφια ρυθμιση 12 δοσεων
360,ενφια ρυθμιση 100 δοσεων
361,ενφια ρυθμιση δοσεων
362,ενφια ρυμοτομουμενου
363,εργοταξιακο ρευμα ενφια
364,ρυθμιση ενφια σε 12 δοσεις
365,ρυθμιση ενφια ηλεκτρονικα
366,ρυθμιση ενφια 2019
367,ρυθμιση ενφια 2019 σε 12 δοσεις
368,ενφια στα αγγλικα
369,ενφια συμπληρωματικοσ φοροσ
370,ενφια συμπληρωματικοσ φοροσ 2019
371,ενφια σημασια
372,ενφια στο taxis
373,ενφια συντελεστεσ
374,ενφια σε αγροτεμαχια
375,ενφια συνδεση
376,ενφια σε βοηθητικουσ χωρουσ
377,ενφια σε μη ηλεκτροδοτουμενα ακινητα
378,ενφια τι ειναι
379,ενφια ταχισνετ
380,ενφια ταξις
381,ενφια τι σημαίνει
382,ενφια ταχισ
383,ενφια ταυτοτητα οφειλης
384,ενφια ταχις νετ
385,ενφια τιμη ζωνης
386,ενφια ταξις νετ
387,ενφια τροποι πληρωμης
388,ενφια υπολογισμοσ
389,ενφια υπουργειο οικονομικων τηλ
390,ενφια υπολοιπο δοσεων
391,ενφια υπολοιπο
392,ενφια υπολογισμος 2018
393,ενφια υπογειου
394,ενφια υπολογισμος 2019
395,ενφια υπουργειο οικονομικων
396,ενφια υπο κατασκευη
397,ενφια υπογειο
398,ενφια φετοσ
399,ενφια φορολογικη αναμορφωση
400,ενφια φιλοθεη
401,ενφια φοροσ ακινητων
402,ενφια φορος
403,ενφια φορος μεγαλης ακινητης περιουσιας
404,ενφια φορος εισοδηματος
405,ενφια φεκ
406,ενφια φορολογικη ενημεροτητα
407,ενφια φωτο
408,ενφια χωραφιων
409,ενφια χωραφια
410,ενφια χαμογελο του παιδιου
411,ενφια χωρις κωδικους
412,ενφια χωρις κωδικους taxis
413,ενφια χαλανδρι
414,ενφια χωρις ρευμα
415,ενφια χρεος
416,ενφια χαμηλο εισοδημα
417,ενφια χολαργος
418,ενφια ψιλη κυριοτητα
419,ενφια ψιλη κυριοτητα επικαρπια
420,ενφια ψιλη κυριοτητα και επικαρπια
421,ενφια ψυχικο
422,ενφια ψιλησ κυριοτητασ
423,ενφια και ψιλη κυριοτητα
424,ενφια παλαιο ψυχικο
425,ενφια επικαρπωτης ψιλος κυριος
426,ενφια επικαρπωτης ψιλη κυριοτητα
427,ενφια σε ψιλη κυριοτητα
428,ενφια ωσ δαπανη
429,φρεντο εσπρεσσο στο σπιτι
430,φρεντο εσπρεσσο
431,φρεντο εσπρεσσο θερμιδες
432,φρεντο εσπρεσσο συνταγη
433,φρεντο εσπρεσσο σπιτι
434,φρεντο εσπρεσσο γλυκο
435,φρεντο εσπρεσσο πως φτιαχνεται
436,φρεντο εσπρεσσο δοσολογια
437,φρεντο εσπρεσσο σκετο θερμιδες
438,φρεντο εσπρεσσο μηχανη
439,φρεντο εσπρεσσο αχτυπητο
440,φρεντο εσπρεσσο αχτυπητος
441,φρεντο εσπρεσσο ανακαλυψη
442,αναλογια φρεντο εσπρεσσο
443,φρεντο εσπρεσσο βικιπαιδεια
444,φρεντο εσπρεσσο γλυκο
445,φρεντο εσπρεσσο γραμμαρια
446,φρεντο εσπρεσσο γλυκο θερμιδεσ
447,φρεντο εσπρεσσο γκραντε
448,φρεντο εσπρεσσο γλυκο με γαλα
449,φρεντο εσπρεσσο πως γινεται
450,φρεντο εσπρεσσο με γαλα θερμιδες
451,φρεντο εσπρεσσο εχει γαλα
452,γρηγορης φρεντο εσπρεσσο
453,φρεντο εσπρεσσο δοσολογια
454,φρεντο εσπρεσσο δευτερολεπτα
455,φρεντο εσπρεσσο διπλο
456,φρεντο εσπρεσσο διαδικασια
457,δοση φρεντο εσπρεσσο
458,φρεντο εσπρεσσο ελαφρυ
459,φρεντο εσπρεσσο εχει γαλα
460,φρεντο εσπρεσσο στην εγκυμοσυνη
461,εικονες φρεντο εσπρεσσο
462,φρεντο εσπρεσσο ζεστο
463,φρεντο εσπρεσσο η φραπε
464,φρεντο καπουτσινο η φρεντο εσπρεσσο
465,φρεντο εσπρεσσο θερμιδες
466,φρεντο εσπρέσο θερμίδες
467,φρεντο εσπρεσσο σκετο θερμιδες
468,φρεντο εσπρεσσο γλυκο θερμιδες
469,φρεντο εσπρεσσο σκετος θερμιδες
470,καφες φρεντο εσπρεσσο θερμιδες
471,φρεντο εσπρεσσο με γαλα θερμιδες
472,φρεντο εσπρεσσο ιταλια
473,φρεντο εσπρεσσο στην ιταλια
474,φρεντο εσπρεσσο καφεινη
475,φρεντο εσπρεσσο καραμελα
476,φρεντο εσπρεσσο κανει καλο
477,φρεντο εσπρεσσο καταγωγη
478,καφες φρεντο εσπρεσσο
479,καφε φρεντο εσπρεσσο
480,μηχανη φρεντο εσπρεσσο κωτσοβολος
481,φρεντο εσπρεσσο με καψουλες
482,καφες φρεντο εσπρεσσο θερμιδες
483,καφετιερες φρεντο εσπρεσσο
484,φρεντο εσπρεσσο λουγκο
485,φρεντο εσπρεσσο λατε
486,φρεντο εσπρεσσο λονδινο
487,φρεντο εσπρεσσο μακιατο
488,φρεντο εσπρεσσο μηχανη
489,φρεντο εσπρεσσο με στεβια
490,φρεντο εσπρεσσο με γαλα
491,φρεντο εσπρεσσο με μπρικι
492,φρεντο εσπρεσσο με καψουλεσ
493,φρεντο εσπρεσσο με ολιγη
494,φρεντο εσπρεσσο με μελι
495,φρεντο εσπρεσσο με μηχανη
496,φρεντο εσπρεσσο με παγωτο
497,φρεντο εσπρεσσο νεσπρεσσο
498,φρεντο εσπρεσσο με ολιγη
499,φρεντο εσπρεσσο παρενεργειεσ
500,φρεντο εσπρεσσο πωσ γινεται
501,φρεντο εσπρεσσο προελευση
502,φρεντο εσπρεσσο πως φτιαχνεται
503,ποτηρια φρεντο εσπρεσσο
504,φρεντο εσπρεσσο με παγωτο
505,παρασκευη φρεντο εσπρεσσο
506,ποτηρι φρεντο εσπρεσσο
507,φρεντο εσπρεσσο στη ρωμη
508,φρεντο εσπρεσσο στο σπιτι
509,φρεντο εσπρεσσο συνταγη
510,φρεντο εσπρεσσο σπιτι
511,φρεντο εσπρεσσο σκετο θερμιδες
512,φρεντο εσπρεσσο στην ιταλια
513,φρεντο εσπρεσσο σκετο
514,φρεντο εσπρεσσο σκετος θερμιδες
515,φρεντο εσπρεσσο στο σπιτι χωρισ μηχανη
516,φρεντο εσπρεσσο στην εγκυμοσυνη
517,φρεντο εσπρεσσο στρετο
518,φρεντο εσπρεσσο τιμη
519,φρεντο εσπρεσσο τονικ
520,τελειος φρεντο εσπρεσσο
521,φρεντο εσπρεσσο υγεια
522,φρεντο εσπρεσσο φωτο
523,φρεντο εσπρεσσο πως φτιαχνεται
524,φρεντο εσπρεσσο η φραπε
525,φτιαξε φρεντο εσπρεσσο
526,φρεντο εσπρεσσο χωρις μηχανη
527,πως φτιαχνω φρεντο εσπρεσσο χωρις μηχανη
528,φρεντο εσπρεσσο στο σπιτι χωρισ μηχανη
529,πως να φτιαξω φρεντο εσπρεσσο χωρις μηχανη
